{
	"start":	{
		"connected":	[{
				"socket":	5,
				"local_host":	"172.19.0.171",
				"local_port":	44072,
				"remote_host":	"172.19.0.173",
				"remote_port":	5201
			}],
		"version":	"iperf 3.18",
		"system_info":	"Linux sd-sandbox-pve01 6.17.2-1-pve #1 SMP PREEMPT_DYNAMIC PMX 6.17.2-1 (2025-10-21T11:55Z) x86_64",
		"timestamp":	{
			"time":	"Wed, 29 Apr 2026 09:14:40 GMT",
			"timesecs":	1777454080
		},
		"connecting_to":	{
			"host":	"172.19.0.173",
			"port":	5201
		},
		"cookie":	"vfwggbevgynhbtnw6dswzbi3tknutr4nmwxf",
		"tcp_mss_default":	1448,
		"target_bitrate":	0,
		"fq_rate":	0,
		"sock_bufsize":	0,
		"sndbuf_actual":	16384,
		"rcvbuf_actual":	131072,
		"test_start":	{
			"protocol":	"TCP",
			"num_streams":	1,
			"blksize":	131072,
			"omit":	0,
			"duration":	30,
			"bytes":	0,
			"blocks":	0,
			"reverse":	1,
			"tos":	0,
			"target_bitrate":	0,
			"bidir":	0,
			"fqrate":	0,
			"interval":	1
		}
	},
	"intervals":	[{
			"streams":	[{
					"socket":	5,
					"start":	0,
					"end":	1.001112,
					"seconds":	1.00111198425293,
					"bytes":	1170604032,
					"bits_per_second":	9354430276.83703,
					"omitted":	false,
					"sender":	false
				}],
			"sum":	{
				"start":	0,
				"end":	1.001112,
				"seconds":	1.00111198425293,
				"bytes":	1170604032,
				"bits_per_second":	9354430276.83703,
				"omitted":	false,
				"sender":	false
			}
		}, {
			"streams":	[{
					"socket":	5,
					"start":	1.001112,
					"end":	2.001105,
					"seconds":	0.99999302625656128,
					"bytes":	1173618688,
					"bits_per_second":	9389014980.58162,
					"omitted":	false,
					"sender":	false
				}],
			"sum":	{
				"start":	1.001112,
				"end":	2.001105,
				"seconds":	0.99999302625656128,
				"bytes":	1173618688,
				"bits_per_second":	9389014980.58162,
				"omitted":	false,
				"sender":	false
			}
		}, {
			"streams":	[{
					"socket":	5,
					"start":	2.001105,
					"end":	3.00116,
					"seconds":	1.0000549554824829,
					"bytes":	1173880832,
					"bits_per_second":	9390530594.86039,
					"omitted":	false,
					"sender":	false
				}],
			"sum":	{
				"start":	2.001105,
				"end":	3.00116,
				"seconds":	1.0000549554824829,
				"bytes":	1173880832,
				"bits_per_second":	9390530594.86039,
				"omitted":	false,
				"sender":	false
			}
		}, {
			"streams":	[{
					"socket":	5,
					"start":	3.00116,
					"end":	4.001104,
					"seconds":	0.999943971633911,
					"bytes":	1173356544,
					"bits_per_second":	9387378311.46865,
					"omitted":	false,
					"sender":	false
				}],
			"sum":	{
				"start":	3.00116,
				"end":	4.001104,
				"seconds":	0.999943971633911,
				"bytes":	1173356544,
				"bits_per_second":	9387378311.46865,
				"omitted":	false,
				"sender":	false
			}
		}, {
			"streams":	[{
					"socket":	5,
					"start":	4.001104,
					"end":	5.001104,
					"seconds":	1,
					"bytes":	1173356544,
					"bits_per_second":	9386852352,
					"omitted":	false,
					"sender":	false
				}],
			"sum":	{
				"start":	4.001104,
				"end":	5.001104,
				"seconds":	1,
				"bytes":	1173356544,
				"bits_per_second":	9386852352,
				"omitted":	false,
				"sender":	false
			}
		}, {
			"streams":	[{
					"socket":	5,
					"start":	5.001104,
					"end":	6.001107,
					"seconds":	1.0000029802322388,
					"bytes":	1173094400,
					"bits_per_second":	9384727231.333353,
					"omitted":	false,
					"sender":	false
				}],
			"sum":	{
				"start":	5.001104,
				"end":	6.001107,
				"seconds":	1.0000029802322388,
				"bytes":	1173094400,
				"bits_per_second":	9384727231.333353,
				"omitted":	false,
				"sender":	false
			}
		}, {
			"streams":	[{
					"socket":	5,
					"start":	6.001107,
					"end":	7.001155,
					"seconds":	1.000048041343689,
					"bytes":	1169031168,
					"bits_per_second":	9351800070.95868,
					"omitted":	false,
					"sender":	false
				}],
			"sum":	{
				"start":	6.001107,
				"end":	7.001155,
				"seconds":	1.000048041343689,
				"bytes":	1169031168,
				"bits_per_second":	9351800070.95868,
				"omitted":	false,
				"sender":	false
			}
		}, {
			"streams":	[{
					"socket":	5,
					"start":	7.001155,
					"end":	8.001107,
					"seconds":	0.99995201826095581,
					"bytes":	1173618688,
					"bits_per_second":	9389400023.74172,
					"omitted":	false,
					"sender":	false
				}],
			"sum":	{
				"start":	7.001155,
				"end":	8.001107,
				"seconds":	0.99995201826095581,
				"bytes":	1173618688,
				"bits_per_second":	9389400023.74172,
				"omitted":	false,
				"sender":	false
			}
		}, {
			"streams":	[{
					"socket":	5,
					"start":	8.001107,
					"end":	9.001106,
					"seconds":	0.99999898672103882,
					"bytes":	1164967936,
					"bits_per_second":	9319752931.50957,
					"omitted":	false,
					"sender":	false
				}],
			"sum":	{
				"start":	8.001107,
				"end":	9.001106,
				"seconds":	0.99999898672103882,
				"bytes":	1164967936,
				"bits_per_second":	9319752931.50957,
				"omitted":	false,
				"sender":	false
			}
		}, {
			"streams":	[{
					"socket":	5,
					"start":	9.001106,
					"end":	10.001104,
					"seconds":	0.99999797344207764,
					"bytes":	1173487616,
					"bits_per_second":	9387919953.1635551,
					"omitted":	false,
					"sender":	false
				}],
			"sum":	{
				"start":	9.001106,
				"end":	10.001104,
				"seconds":	0.99999797344207764,
				"bytes":	1173487616,
				"bits_per_second":	9387919953.1635551,
				"omitted":	false,
				"sender":	false
			}
		}, {
			"streams":	[{
					"socket":	5,
					"start":	10.001104,
					"end":	11.001105,
					"seconds":	1.0000009536743164,
					"bytes":	1173749760,
					"bits_per_second":	9389989125.00854,
					"omitted":	false,
					"sender":	false
				}],
			"sum":	{
				"start":	10.001104,
				"end":	11.001105,
				"seconds":	1.0000009536743164,
				"bytes":	1173749760,
				"bits_per_second":	9389989125.00854,
				"omitted":	false,
				"sender":	false
			}
		}, {
			"streams":	[{
					"socket":	5,
					"start":	11.001105,
					"end":	12.001113,
					"seconds":	1.0000079870224,
					"bytes":	1173749760,
					"bits_per_second":	9389923082.4740067,
					"omitted":	false,
					"sender":	false
				}],
			"sum":	{
				"start":	11.001105,
				"end":	12.001113,
				"seconds":	1.0000079870224,
				"bytes":	1173749760,
				"bits_per_second":	9389923082.4740067,
				"omitted":	false,
				"sender":	false
			}
		}, {
			"streams":	[{
					"socket":	5,
					"start":	12.001113,
					"end":	13.001112,
					"seconds":	0.99999898672103882,
					"bytes":	1173749760,
					"bits_per_second":	9390007594.69714,
					"omitted":	false,
					"sender":	false
				}],
			"sum":	{
				"start":	12.001113,
				"end":	13.001112,
				"seconds":	0.99999898672103882,
				"bytes":	1173749760,
				"bits_per_second":	9390007594.69714,
				"omitted":	false,
				"sender":	false
			}
		}, {
			"streams":	[{
					"socket":	5,
					"start":	13.001112,
					"end":	14.001104,
					"seconds":	0.9999920129776,
					"bytes":	1173749760,
					"bits_per_second":	9390073078.7240162,
					"omitted":	false,
					"sender":	false
				}],
			"sum":	{
				"start":	13.001112,
				"end":	14.001104,
				"seconds":	0.9999920129776,
				"bytes":	1173749760,
				"bits_per_second":	9390073078.7240162,
				"omitted":	false,
				"sender":	false
			}
		}, {
			"streams":	[{
					"socket":	5,
					"start":	14.001104,
					"end":	15.001107,
					"seconds":	1.0000029802322388,
					"bytes":	1173749760,
					"bits_per_second":	9389970095.7084,
					"omitted":	false,
					"sender":	false
				}],
			"sum":	{
				"start":	14.001104,
				"end":	15.001107,
				"seconds":	1.0000029802322388,
				"bytes":	1173749760,
				"bits_per_second":	9389970095.7084,
				"omitted":	false,
				"sender":	false
			}
		}, {
			"streams":	[{
					"socket":	5,
					"start":	15.001107,
					"end":	16.001124,
					"seconds":	1.0000170469284058,
					"bytes":	1173749760,
					"bits_per_second":	9389838012.1036663,
					"omitted":	false,
					"sender":	false
				}],
			"sum":	{
				"start":	15.001107,
				"end":	16.001124,
				"seconds":	1.0000170469284058,
				"bytes":	1173749760,