{
	"start":	{
		"connected":	[{
				"socket":	5,
				"local_host":	"172.19.0.171",
				"local_port":	41109,
				"remote_host":	"172.19.0.173",
				"remote_port":	5201
			}],
		"version":	"iperf 3.18",
		"system_info":	"Linux sd-sandbox-pve01 6.17.2-1-pve #1 SMP PREEMPT_DYNAMIC PMX 6.17.2-1 (2025-10-21T11:55Z) x86_64",
		"timestamp":	{
			"time":	"Wed, 29 Apr 2026 09:14:08 GMT",
			"timesecs":	1777454048
		},
		"connecting_to":	{
			"host":	"172.19.0.173",
			"port":	5201
		},
		"cookie":	"fw42xdrzyvagg6laaoxaviynm3vq7atddeku",
		"target_bitrate":	10000000000,
		"fq_rate":	0,
		"sock_bufsize":	0,
		"sndbuf_actual":	212992,
		"rcvbuf_actual":	212992,
		"test_start":	{
			"protocol":	"UDP",
			"num_streams":	1,
			"blksize":	1448,
			"omit":	0,
			"duration":	30,
			"bytes":	0,
			"blocks":	0,
			"reverse":	0,
			"tos":	0,
			"target_bitrate":	10000000000,
			"bidir":	0,
			"fqrate":	0,
			"interval":	1
		}
	},
	"intervals":	[{
			"streams":	[{
					"socket":	5,
					"start":	0,
					"end":	1.000843,
					"seconds":	1.0008430480957031,
					"bytes":	325904256,
					"bits_per_second":	2605037875.77959,
					"packets":	225073,
					"omitted":	false,
					"sender":	true
				}],
			"sum":	{
				"start":	0,
				"end":	1.000843,
				"seconds":	1.0008430480957031,
				"bytes":	325904256,
				"bits_per_second":	2605037875.77959,
				"packets":	225073,
				"omitted":	false,
				"sender":	true
			}
		}, {
			"streams":	[{
					"socket":	5,
					"start":	1.000843,
					"end":	2.001131,
					"seconds":	1.0002880096435547,
					"bytes":	332294280,
					"bits_per_second":	2657588828.7887058,
					"packets":	229486,
					"omitted":	false,
					"sender":	true
				}],
			"sum":	{
				"start":	1.000843,
				"end":	2.001131,
				"seconds":	1.0002880096435547,
				"bytes":	332294280,
				"bits_per_second":	2657588828.7887058,
				"packets":	229486,
				"omitted":	false,
				"sender":	true
			}
		}, {
			"streams":	[{
					"socket":	5,
					"start":	2.001131,
					"end":	3.00111,
					"seconds":	0.999979019165039,
					"bytes":	332465144,
					"bits_per_second":	2659776956.3413539,
					"packets":	229615,
					"omitted":	false,
					"sender":	true
				}],
			"sum":	{
				"start":	2.001131,
				"end":	3.00111,
				"seconds":	0.999979019165039,
				"bytes":	332465144,
				"bits_per_second":	2659776956.3413539,
				"packets":	229615,
				"omitted":	false,
				"sender":	true
			}
		}, {
			"streams":	[{
					"socket":	5,
					"start":	3.00111,
					"end":	4.001112,
					"seconds":	1.0000020265579224,
					"bytes":	330876688,
					"bits_per_second":	2647008139.6846838,
					"packets":	228508,
					"omitted":	false,
					"sender":	true
				}],
			"sum":	{
				"start":	3.00111,
				"end":	4.001112,
				"seconds":	1.0000020265579224,
				"bytes":	330876688,
				"bits_per_second":	2647008139.6846838,
				"packets":	228508,
				"omitted":	false,
				"sender":	true
			}
		}, {
			"streams":	[{
					"socket":	5,
					"start":	4.001112,
					"end":	5.001101,
					"seconds":	0.99998897314071655,
					"bytes":	330159928,
					"bits_per_second":	2641308549.3376975,
					"packets":	228011,
					"omitted":	false,
					"sender":	true
				}],
			"sum":	{
				"start":	4.001112,
				"end":	5.001101,
				"seconds":	0.99998897314071655,
				"bytes":	330159928,
				"bits_per_second":	2641308549.3376975,
				"packets":	228011,
				"omitted":	false,
				"sender":	true
			}
		}, {
			"streams":	[{
					"socket":	5,
					"start":	5.001101,
					"end":	6.001144,
					"seconds":	1.0000430345535278,
					"bytes":	333564176,
					"bits_per_second":	2668398574.6587052,
					"packets":	230365,
					"omitted":	false,
					"sender":	true
				}],
			"sum":	{
				"start":	5.001101,
				"end":	6.001144,
				"seconds":	1.0000430345535278,
				"bytes":	333564176,
				"bits_per_second":	2668398574.6587052,
				"packets":	230365,
				"omitted":	false,
				"sender":	true
			}
		}, {
			"streams":	[{
					"socket":	5,
					"start":	6.001144,
					"end":	7.001098,
					"seconds":	0.9999539852142334,
					"bytes":	333459920,
					"bits_per_second":	2667802118.3429432,
					"packets":	230293,
					"omitted":	false,
					"sender":	true
				}],
			"sum":	{
				"start":	6.001144,
				"end":	7.001098,
				"seconds":	0.9999539852142334,
				"bytes":	333459920,
				"bits_per_second":	2667802118.3429432,
				"packets":	230293,
				"omitted":	false,
				"sender":	true
			}
		}, {
			"streams":	[{
					"socket":	5,
					"start":	7.001098,
					"end":	8.001098,
					"seconds":	1,
					"bytes":	333293400,
					"bits_per_second":	2666347200,
					"packets":	230176,
					"omitted":	false,
					"sender":	true
				}],
			"sum":	{
				"start":	7.001098,
				"end":	8.001098,
				"seconds":	1,
				"bytes":	333293400,
				"bits_per_second":	2666347200,
				"packets":	230176,
				"omitted":	false,
				"sender":	true
			}
		}, {
			"streams":	[{
					"socket":	5,
					"start":	8.001098,
					"end":	9.001118,
					"seconds":	1.0000200271606445,
					"bytes":	327634616,
					"bits_per_second":	2621024436.32256,
					"packets":	226267,
					"omitted":	false,
					"sender":	true
				}],
			"sum":	{
				"start":	8.001098,
				"end":	9.001118,
				"seconds":	1.0000200271606445,
				"bytes":	327634616,
				"bits_per_second":	2621024436.32256,
				"packets":	226267,
				"omitted":	false,
				"sender":	true
			}
		}, {
			"streams":	[{
					"socket":	5,
					"start":	9.001118,
					"end":	10.001096,
					"seconds":	0.999978005886078,
					"bytes":	331755624,
					"bits_per_second":	2654103366.6518073,
					"packets":	229113,
					"omitted":	false,
					"sender":	true
				}],
			"sum":	{
				"start":	9.001118,
				"end":	10.001096,
				"seconds":	0.999978005886078,
				"bytes":	331755624,
				"bits_per_second":	2654103366.6518073,
				"packets":	229113,
				"omitted":	false,
				"sender":	true
			}
		}, {
			"streams":	[{
					"socket":	5,
					"start":	10.001096,
					"end":	11.001046,
					"seconds":	0.99994999170303345,
					"bytes":	330985288,
					"bits_per_second":	2648014726.7068248,
					"packets":	228583,
					"omitted":	false,
					"sender":	true
				}],
			"sum":	{
				"start":	10.001096,
				"end":	11.001046,
				"seconds":	0.99994999170303345,
				"bytes":	330985288,
				"bits_per_second":	2648014726.7068248,
				"packets":	228583,
				"omitted":	false,
				"sender":	true
			}
		}, {
			"streams":	[{
					"socket":	5,
					"start":	11.001046,
					"end":	12.001041,
					"seconds":	0.999994993209839,
					"bytes":	332149480,
					"bits_per_second":	2657209144.0885987,
					"packets":	229385,
					"omitted":	false,
					"sender":	true
				}],
			"sum":	{
				"start":	11.001046,
				"end":	12.001041,
				"seconds":	0.999994993209839,
				"bytes":	332149480,
				"bits_per_second":	2657209144.0885987,
				"packets":	229385,
				"omitted":	false,
				"sender":	true
			}
		}, {
			"streams":	[{
					"socket":	5,
					"start":	12.001041,
					"end":	13.001097,
					"seconds":	1.0000560283660889,
					"bytes":	332276904,
					"bits_per_second":	2658066304.8879814,
					"packets":	229473,
					"omitted":	false,
					"sender":	true
				}],
			"sum":	{
				"start":	12.001041,
				"end":	13.001097,
				"seconds":	1.0000560283660889,
				"bytes":	332276904,
				"bits_per_second":	2658066304.8879814,
				"packets":	229473,
				"omitted":	false,
				"sender":	true
			}
		}, {
			"streams":	[{
					"socket":	5,
					"start":	13.001097,
					"end":	14.00112,
					"seconds":	1.0000230073928833,
					"bytes":	329971688,
					"bits_per_second":	2639712771.0911765,
					"packets":	227884,
					"omitted":	false,
					"sender":	true
				}],
			"sum":	{
				"start":	13.001097,
				"end":	14.00112,
				"seconds":	1.0000230073928833,
				"bytes":	329971688,
				"bits_per_second":	2639712771.0911765,
				"packets":	227884,
				"omitted":	false,
				"sender":	true
			}
		}, {
			"streams":	[{
					"socket":	5,
					"start":	14.00112,
					"end":	15.001097,
					"seconds":	0.9999769926071167,
					"bytes":	332517272,
					"bits_per_second":	2660199380.25229,