{
	"start":	{
		"connected":	[{
				"socket":	5,
				"local_host":	"172.19.0.171",
				"local_port":	37607,
				"remote_host":	"172.19.0.173",
				"remote_port":	5201
			}],
		"version":	"iperf 3.18",
		"system_info":	"Linux sd-sandbox-pve01 6.17.2-1-pve #1 SMP PREEMPT_DYNAMIC PMX 6.17.2-1 (2025-10-21T11:55Z) x86_64",
		"timestamp":	{
			"time":	"Thu, 30 Apr 2026 03:47:11 GMT",
			"timesecs":	1777520831
		},
		"connecting_to":	{
			"host":	"172.19.0.173",
			"port":	5201
		},
		"cookie":	"wnakhh637etwgwxiuub6ic4m2tbkuhcsmw4u",
		"target_bitrate":	10000000000,
		"fq_rate":	0,
		"sock_bufsize":	0,
		"sndbuf_actual":	212992,
		"rcvbuf_actual":	212992,
		"test_start":	{
			"protocol":	"UDP",
			"num_streams":	1,
			"blksize":	1448,
			"omit":	0,
			"duration":	30,
			"bytes":	0,
			"blocks":	0,
			"reverse":	0,
			"tos":	0,
			"target_bitrate":	10000000000,
			"bidir":	0,
			"fqrate":	0,
			"interval":	1
		}
	},
	"intervals":	[{
			"streams":	[{
					"socket":	5,
					"start":	0,
					"end":	1.00111,
					"seconds":	1.0011099576950073,
					"bytes":	378741776,
					"bits_per_second":	3026574837.96908,
					"packets":	261563,
					"omitted":	false,
					"sender":	true
				}],
			"sum":	{
				"start":	0,
				"end":	1.00111,
				"seconds":	1.0011099576950073,
				"bytes":	378741776,
				"bits_per_second":	3026574837.96908,
				"packets":	261563,
				"omitted":	false,
				"sender":	true
			}
		}, {
			"streams":	[{
					"socket":	5,
					"start":	1.00111,
					"end":	2.001123,
					"seconds":	1.000012993812561,
					"bytes":	385205648,
					"bits_per_second":	3081605142.2003951,
					"packets":	266026,
					"omitted":	false,
					"sender":	true
				}],
			"sum":	{
				"start":	1.00111,
				"end":	2.001123,
				"seconds":	1.000012993812561,
				"bytes":	385205648,
				"bits_per_second":	3081605142.2003951,
				"packets":	266026,
				"omitted":	false,
				"sender":	true
			}
		}, {
			"streams":	[{
					"socket":	5,
					"start":	2.001123,
					"end":	3.001092,
					"seconds":	0.9999690055847168,
					"bytes":	379810400,
					"bits_per_second":	3038577378.9291525,
					"packets":	262305,
					"omitted":	false,
					"sender":	true
				}],
			"sum":	{
				"start":	2.001123,
				"end":	3.001092,
				"seconds":	0.9999690055847168,
				"bytes":	379810400,
				"bits_per_second":	3038577378.9291525,
				"packets":	262305,
				"omitted":	false,
				"sender":	true
			}
		}, {
			"streams":	[{
					"socket":	5,
					"start":	3.001092,
					"end":	4.001043,
					"seconds":	0.99995100498199463,
					"bytes":	381507456,
					"bits_per_second":	3052209191.0442715,
					"packets":	263473,
					"omitted":	false,
					"sender":	true
				}],
			"sum":	{
				"start":	3.001092,
				"end":	4.001043,
				"seconds":	0.99995100498199463,
				"bytes":	381507456,
				"bits_per_second":	3052209191.0442715,
				"packets":	263473,
				"omitted":	false,
				"sender":	true
			}
		}, {
			"streams":	[{
					"socket":	5,
					"start":	4.001043,
					"end":	5.001027,
					"seconds":	0.9999840259552002,
					"bytes":	378867752,
					"bits_per_second":	3030990433.1769671,
					"packets":	261649,
					"omitted":	false,
					"sender":	true
				}],
			"sum":	{
				"start":	4.001043,
				"end":	5.001027,
				"seconds":	0.9999840259552002,
				"bytes":	378867752,
				"bits_per_second":	3030990433.1769671,
				"packets":	261649,
				"omitted":	false,
				"sender":	true
			}
		}, {
			"streams":	[{
					"socket":	5,
					"start":	5.001027,
					"end":	6.001049,
					"seconds":	1.0000220537185669,
					"bytes":	380370776,
					"bits_per_second":	3042899100.7596045,
					"packets":	262687,
					"omitted":	false,
					"sender":	true
				}],
			"sum":	{
				"start":	5.001027,
				"end":	6.001049,
				"seconds":	1.0000220537185669,
				"bytes":	380370776,
				"bits_per_second":	3042899100.7596045,
				"packets":	262687,
				"omitted":	false,
				"sender":	true
			}
		}, {
			"streams":	[{
					"socket":	5,
					"start":	6.001049,
					"end":	7.001083,
					"seconds":	1.000033974647522,
					"bytes":	377535592,
					"bits_per_second":	3020182126.3768044,
					"packets":	260730,
					"omitted":	false,
					"sender":	true
				}],
			"sum":	{
				"start":	6.001049,
				"end":	7.001083,
				"seconds":	1.000033974647522,
				"bytes":	377535592,
				"bits_per_second":	3020182126.3768044,
				"packets":	260730,
				"omitted":	false,
				"sender":	true
			}
		}, {
			"streams":	[{
					"socket":	5,
					"start":	7.001083,
					"end":	8.001045,
					"seconds":	0.9999619722366333,
					"bytes":	380018912,
					"bits_per_second":	3040266910.5506458,
					"packets":	262444,
					"omitted":	false,
					"sender":	true
				}],
			"sum":	{
				"start":	7.001083,
				"end":	8.001045,
				"seconds":	0.9999619722366333,
				"bytes":	380018912,
				"bits_per_second":	3040266910.5506458,
				"packets":	262444,
				"omitted":	false,
				"sender":	true
			}
		}, {
			"streams":	[{
					"socket":	5,
					"start":	8.001045,
					"end":	9.001028,
					"seconds":	0.999983012676239,
					"bytes":	380246248,
					"bits_per_second":	3042021659.8068233,
					"packets":	262602,
					"omitted":	false,
					"sender":	true
				}],
			"sum":	{
				"start":	8.001045,
				"end":	9.001028,
				"seconds":	0.999983012676239,
				"bytes":	380246248,
				"bits_per_second":	3042021659.8068233,
				"packets":	262602,
				"omitted":	false,
				"sender":	true
			}
		}, {
			"streams":	[{
					"socket":	5,
					"start":	9.001028,
					"end":	10.001042,
					"seconds":	1.0000139474868774,
					"bytes":	380076832,
					"bits_per_second":	3040572247.6584759,
					"packets":	262484,
					"omitted":	false,
					"sender":	true
				}],
			"sum":	{
				"start":	9.001028,
				"end":	10.001042,
				"seconds":	1.0000139474868774,
				"bytes":	380076832,
				"bits_per_second":	3040572247.6584759,
				"packets":	262484,
				"omitted":	false,
				"sender":	true
			}
		}, {
			"streams":	[{
					"socket":	5,
					"start":	10.001042,
					"end":	11.001028,
					"seconds":	0.99998599290847778,
					"bytes":	379758272,
					"bits_per_second":	3038108731.06705,
					"packets":	262265,
					"omitted":	false,
					"sender":	true
				}],
			"sum":	{
				"start":	10.001042,
				"end":	11.001028,
				"seconds":	0.99998599290847778,
				"bytes":	379758272,
				"bits_per_second":	3038108731.06705,
				"packets":	262265,
				"omitted":	false,
				"sender":	true
			}
		}, {
			"streams":	[{
					"socket":	5,
					"start":	11.001028,
					"end":	12.001029,
					"seconds":	1.0000009536743164,
					"bytes":	379596096,
					"bits_per_second":	3036765871.9143829,
					"packets":	262152,
					"omitted":	false,
					"sender":	true
				}],
			"sum":	{
				"start":	11.001028,
				"end":	12.001029,
				"seconds":	1.0000009536743164,
				"bytes":	379596096,
				"bits_per_second":	3036765871.9143829,
				"packets":	262152,
				"omitted":	false,
				"sender":	true
			}
		}, {
			"streams":	[{
					"socket":	5,
					"start":	12.001029,
					"end":	13.001031,
					"seconds":	1.0000020265579224,
					"bytes":	380614040,
					"bits_per_second":	3044906149.32132,
					"packets":	262855,
					"omitted":	false,
					"sender":	true
				}],
			"sum":	{
				"start":	12.001029,
				"end":	13.001031,
				"seconds":	1.0000020265579224,
				"bytes":	380614040,
				"bits_per_second":	3044906149.32132,
				"packets":	262855,
				"omitted":	false,
				"sender":	true
			}
		}, {
			"streams":	[{
					"socket":	5,
					"start":	13.001031,
					"end":	14.001089,
					"seconds":	1.0000580549240112,
					"bytes":	378479688,
					"bits_per_second":	3027661733.32814,
					"packets":	261381,
					"omitted":	false,
					"sender":	true
				}],
			"sum":	{
				"start":	13.001031,
				"end":	14.001089,
				"seconds":	1.0000580549240112,
				"bytes":	378479688,
				"bits_per_second":	3027661733.32814,
				"packets":	261381,
				"omitted":	false,
				"sender":	true
			}
		}, {
			"streams":	[{
					"socket":	5,
					"start":	14.001089,
					"end":	15.001068,
					"seconds":	0.999979019165039,
					"bytes":	379503424,